vetplus Coatex 240 comprimidos 240,53.95,https://www.petsonic.com/14226-large_default/vetplus-coatex-para-perros-gatos.jpg
farmadiet Oleoderm Capsulas Dermatologicas para Perro y Gato 60,20.12,https://www.petsonic.com/26369-large_default/virbac-oleoderm-pipetas-dermatologicas-para-perros.jpg
farmadiet Oleoderm Capsulas Dermatologicas para Perro y Gato 360,104.93,https://www.petsonic.com/26369-large_default/virbac-oleoderm-pipetas-dermatologicas-para-perros.jpg
virbac Allerdem Pipetas Dermatologicas 6,20.82,https://www.petsonic.com/14204-large_default/virbac-allerdem-pipetas-dermatologicas-para-perros-gatos.jpg
virbac Allerdem Pipetas Dermatologicas 2,26.02,https://www.petsonic.com/14204-large_default/virbac-allerdem-pipetas-dermatologicas-para-perros-gatos.jpg
Hifarmax Hifarmax omnicardio plus perros y gatos. Comprimidos 60,30.32,https://www.petsonic.com/26431-large_default/omnicardio-perros-gatos-comprimidos.jpg
Stangest Dermovital Omega 3-6-9 para Perro y Gato 60,15.02,https://www.petsonic.com/28836-large_default/dermovital-bote-omega-3-6-9-para-perro.jpg
Stangest Dermovital Omega 3-6-9 para Perro y Gato 300,47.20,https://www.petsonic.com/28836-large_default/dermovital-bote-omega-3-6-9-para-perro.jpg
Dermoscent Pipetas para Gato 4,17.60,https://www.petsonic.com/16036-large_default/dermoscent-para-gato.jpg
Urano Vet U*Derm Omega para Perro y Gato 260,87.59,https://www.petsonic.com/15675-large_default/u-derm-omega-para-perro-gato.jpg
Atopivet suspension oral perros y gatos 120,18.95,https://www.petsonic.com/28439-large_default/atopivet-suspension-oral-perros-y-gatos.jpg
Hifarmax Omnicutis Atopicalm Para Perros Y Gatos Salud De La Piel Y El Pelo 30200,12.19,https://www.petsonic.com/22573-large_default/hifarmax-omnicutis-atopicalm-para-perros-y-gatos-salud-de-la-piel-y-el-pelo.jpg
,66.06,https://www.petsonic.com/22573-large_default/hifarmax-omnicutis-atopicalm-para-perros-y-gatos-salud-de-la-piel-y-el-pelo.jpg
Hifarmax Omnimatrix pomada cicatrizante para perros y gatos 20,12.83,https://www.petsonic.com/20610-large_default/omnimatrix-pomada-cicatrizante-para-perros-gatos.jpg
Hifarmax Omnimatrix pomada cicatrizante para perros y gatos 60,22.15,https://www.petsonic.com/20610-large_default/omnimatrix-pomada-cicatrizante-para-perros-gatos.jpg
Zincoseb Spray perros y gatos 250,16.95,https://www.petsonic.com/27058-large_default/zincoseb-spray-perros-y-gatos.jpg
Stangest Biotin B Complex para Perro y Gato 100,14.03,https://www.petsonic.com/28774-large_default/biotin-b-complex-para-perro-gato.jpg
Stangest Biotin B Complex para Perro y Gato 300,36.20,https://www.petsonic.com/28774-large_default/biotin-b-complex-para-perro-gato.jpg
Dermoscent Pyoclean Champu perros y gatos 200,20.95,https://www.petsonic.com/25119-large_default/dermoscent-pyoclean-champu-perros-y-gatos.jpg
Fatro Zincoseb Champú para Perro y Gato 0250,34.95,https://www.petsonic.com/17872-large_default/zincoseb-champu-para-perro-gato.jpg
Hifarmax Omnicutis cápsulas para perros y gatos salud de la piel y el pelo 30150600,13.99,https://www.petsonic.com/20602-large_default/omnicutis-para-perros-gatos-salud-piel-pelo.jpg
,57.69,https://www.petsonic.com/20602-large_default/omnicutis-para-perros-gatos-salud-piel-pelo.jpg
,180.73,https://www.petsonic.com/20602-large_default/omnicutis-para-perros-gatos-salud-piel-pelo.jpg
Stangest CicaVet para Perro y Gato 0500,18.56,https://www.petsonic.com/28781-large_default/stanvet-cicavet-gato-para-perros-gatos.jpg
Stangest CicaVet para Perro y Gato 125,8.81,https://www.petsonic.com/28781-large_default/stanvet-cicavet-gato-para-perros-gatos.jpg
Kerato Loción hidratante para perros 200,16.50,https://www.petsonic.com/25141-large_default/kerato-locion-hidratante-para-perros.jpg
Urano Vet U*Derm Omega Gel para Perro y Gato 50,16.89,https://www.petsonic.com/15674-large_default/u-derm-omega-gel-para-perro-gato.jpg
Elactil champu piodermas para perros y gatos 250,19.95,https://www.petsonic.com/24848-large_default/elactil-champu-piodermas-para-perros-y-gatos.jpg
K-Omega 369 complemento dietético de ácidos grasos 30,12.95,https://www.petsonic.com/25096-large_default/k-omega-369-complemento-dietetico-de-acidos-grasos.jpg
Dermocanis Dermocare Espuma Seca champú para perros y gatos 250,21.95,https://www.petsonic.com/25111-large_default/dermocanis-dermocare-espuma-seca-champu-para-perros-y-gatos.jpg
Linksin Spray perros y gatos 200,25.95,https://www.petsonic.com/28701-large_default/linksin-spray-perros-y-gatos.jpg
Crema dermatológica con extracto de Granada para perros. 50,11.95,https://www.petsonic.com/25138-large_default/crema-dermatologica-con-extracto-de-granada-para-perros.jpg
Leticaderm loción para perros con pieles atopicas 200,19.95,https://www.petsonic.com/25143-large_default/leticaderm-locion-para-perros-con-pieles-atopicas.jpg
Hifarmax Omnicutis líquido para perros y gatos salud de la piel y el pelo 200,26.82,https://www.petsonic.com/20606-large_default/omnicutis-liquido-para-perros-gatos-salud-piel-pelo.jpg
